huonghuong,Irvin,Murphy,1982-10-19,estell@quitzon.test,R35qQwu7zv
renate,Elizabeth,O'Hara,1998-04-12,kai@ward-bednar.test,tGcZZjf0
roselee,Odell,Braun,1985-05-28,quinn_barrows@haag-price.example,3kEYzadIY3kBlft
johnnie,Moses,Harber,1997-10-10,retha@hauck.test,ASfgiHmJp0
lorenzo,Tajuana,Nolan,1987-09-20,harley@shields.example,2ZTWee0rM
juan_okon,Clair,Kihn,1993-05-10,seymour.graham@watsica-zieme.example,CPuRSXhjp8u3oE
anthony,Milford,Hackett,1960-05-27,selina_mueller@ritchie-conn.test,BupvHB9F5
tamesha,Winnie,Bartell,1992-02-09,edgardo_rodriguez@carroll.test,CYauRy3H
esterester,Mitch,Fay,1997-08-23,wayne_abernathy@smitham-daugherty.test,9G1YCsTcLrkpE9
leandro,Randy,Turner,2006-02-15,daniel@ondricka.test,dNE5qumL
desmond,Newton,Watsica,2003-01-02,ofelia.keeling@herzog.example,qSrBsl3Gy
milanmilan,Marjorie,Larkin,1997-11-10,rory.wiegand@wilderman.example,Yzw7ZVYRk34s2QXW
garrygarry,Bobby,Cronin,2000-07-06,cortez@little-fadel.test,ofE62Wo7
genny.bins,Fidela,Stiedemann,2000-11-17,kenneth.fay@schiller.test,8vg3QJB2F7lD1rPz
berneice,Lewis,Donnelly,1999-09-10,myles@emmerich.test,eI2DLaCSs2XXWZzg
alva_von,Alex,Rogahn,1974-12-18,tricia.white@bartell.example,TNz7jWvX1MzX72PL
shelli,Leo,Prohaska,1998-08-02,cassandra@ankunding.example,0t1hhKLB
terrence,Paulita,Tremblay,1966-01-07,janet@glover.example,ud8YIy9g2k82wK
jose.ohara,Roxane,Jakubowski,2000-10-31,alexia.bogisich@klocko.example,L0Io4UwmB706Wu1
katelyn,Jeromy,Bednar,1981-02-06,ambrose.crist@jerde.test,0Pj5ig4J28baxvGa
lashandra,Jenni,Hessel,1978-10-15,michale.stark@rau.test,pZzrr86ggF
morris,Shawna,Beahan,1976-07-26,tish_beier@monahan-brekke.test,WLfHzaLBwnY4kw
herbert,Miles,Marquardt,1968-02-26,shannon@donnelly.example,NvlKnsk1wHL
delphia,Candy,Bartell,1983-03-06,blair@boehm.example,MkJ0JcojbALO
maymemayme,Deandrea,Cronin,1987-09-27,milissa@dubuque.example,0rT2Eadg
benedict,Stacey,Dooley,1969-12-16,dorthea_schroeder@goldner.test,tOz1ZMWe
eldoneldon,Evan,Rath,2000-05-18,lorinda_bartoletti@runte.example,7mzRnJtEHElRJ3
devindevin,Dale,Deckow,1970-03-25,eusebio@leffler.test,E5sJA39XC
orville,Alfredo,Smitham,1969-01-21,kemberly@krajcik.test,vo77edtXGx4QO
sophie,Santiago,Robel,1987-06-10,bud@lubowitz.test,wpskwIkOCbgDtK9
irvinirvin,Marvella,Mraz,1966-04-29,rickie_king@jenkins.example,JKhsEh0Mw
cyndycyndy,Kami,Kassulke,1968-06-21,lynsey@kemmer-cruickshank.example,PBM3zKEr4
dee.haag,Galen,Kerluke,2000-06-03,tracey.tromp@skiles.example,Sx8nZpca0
gracie,Dee,Stokes,2004-02-09,carrol_wolff@white-gerlach.example,XW9znvf2svlx
ervinervin,Alida,Brakus,1960-03-05,rachel@jacobs.example,JtG4gDN48
sanjuanita,Kiley,Goyette,1987-08-14,leigha_kihn@hagenes.example,SsYYkAnP0
haleyhaley,Wyatt,Greenholt,1965-02-15,jeremy@hammes-braun.example,zcEFXO60Uh4sUXg
michal,Nancey,Tromp,1988-10-10,mervin.zieme@kunde.test,rsjpB8STXI6r0sl
carlos,Carlo,Bailey,1994-05-20,tia@ondricka.test,allT0uHvGV7
devindevin,Jan,Nicolas,2005-12-31,royal.bechtelar@klein-fahey.example,CXLxu8vDv30QOBaY
santos,Deborah,Rosenbaum,1987-12-17,tomasa_leffler@watsica.example,juA2WT1pq19wgRt9
shiloh,Julio,Franecki,1980-01-18,johnathon.mckenzie@waters-skiles.example,x5xotKIF
mitchell,Judson,Flatley,1974-10-18,vernon_weimann@dickinson.test,OwaRYN5PSKBUQsz0
shonda,Leroy,Rolfson,1973-10-14,jonah_morissette@gerlach.test,zil1MayX7hRzK
daryldaryl,Jay,Beier,1986-04-14,micah@bogan-dare.example,vWhVYV23
harriett,Rosalee,Harvey,1962-12-21,nisha@sawayn.example,jkqSc11lzTTVfF
arnulfo,Nichol,Hodkiewicz,2005-09-24,nelda@kshlerin.example,SFQ81GLs1IgNJoO
soniasonia,Nakita,Grimes,1996-05-12,brady_little@lang-feest.test,tZP6rfrCr3w8
kristopher,Titus,Rau,2001-08-24,fern@dibbert.example,TxHOd4cIUufnrAd
claudio,Sharell,Graham,1968-10-05,bennett@kemmer-gibson.example,NOTwTgL5wU
jeweljewel,Waldo,McGlynn,1993-07-19,jarred@emard.example,g1kPAdW4zNFm1iB6
corrine,Saul,Spinka,1968-09-11,arvilla@schultz-muller.example,7ibii1axldL
rickie,Toney,Muller,1993-09-21,micah@upton.example,4pJf9w7wIA3tJyy
helaine,Isela,Grady,1988-07-26,jeremy_hane@gleichner-nienow.test,EiNosFkw2h
josuejosue,Elicia,Schamberger,1966-05-02,elana@stracke-mcclure.example,duyU6vox1ncJjYU
morris,Audra,Lockman,2003-09-19,cody_bergnaum@barrows.test,PFh96kecJS
rochell,Orval,Konopelski,1968-05-18,marsha_rempel@harris.test,r0EaKVQRV67B
kimbra,Lou,Jaskolski,1981-12-01,john.medhurst@watsica.example,sebmqZD8YtWV6P56
carlocarlo,Mika,Adams,1984-07-10,darcel@boehm.test,wVT8vg1kw9Ka
trishtrish,Kirby,Brekke,1990-10-08,bobbie_kulas@renner.example,DdzI6lOmceFVkU
corrinne,Erik,Wilderman,1973-09-03,randall.mcdermott@hermann.example,jrzPK5lhK
parisparis,Classie,Feil,1972-07-27,lyda_torphy@littel.example,DyQr4sXa0i5Jl1yX
jay_lynch,Adrianna,McKenzie,2005-06-21,cynthia@farrell-schroeder.test,Qnt30NORAtU
ezequiel,Chang,Bode,1971-01-18,joann@halvorson.test,GZts6af3nV7
evitaevita,Leon,Homenick,2000-11-08,an@breitenberg-kling.example,dcTdc1MiJ
corrinne,Ruthie,Frami,1968-03-31,cody@rau-gulgowski.test,cv4WPQ3c2M
foster,Quincy,Hirthe,1968-11-12,rafael.williamson@mueller-renner.test,7Rt2UgvS
tawnya,John,Bergnaum,1995-06-02,hester@graham.example,Qn3ljMf7Jt
vincevince,Sang,Spinka,1960-02-16,ahmad@bailey.example,oRD15rrRXqOF
nigelnigel,Randolph,Kerluke,1990-10-27,peggie@fahey.test,Xw4cGOdixQP
bernard,Audie,Pollich,1985-09-20,burt@ferry.test,N90eCxHU0e
eloy_mohr,Annamarie,Klocko,1989-11-05,judson@bosco.test,N73hyPpCGd
martymarty,Yvone,Parisian,2004-08-28,boyce_bayer@bergnaum.example,UlaiES1xQ
leeanna,Maile,Hermann,1980-11-15,rebecca@dare-ebert.test,Pxew5adexKH22B
bambibambi,Morris,Oberbrunner,1994-02-02,danilo_pacocha@runte.test,pfHi4w4u
cornelia,Macy,Gorczany,1989-06-30,marcellus_hudson@turcotte.example,WjMQ36af
jacquetta,Anika,Koelpin,1961-04-06,shondra_kutch@casper-pacocha.example,DzTx9JNx4eqTD2
crystle,Buddy,Hills,1994-05-10,fritz@padberg.example,pxF84KF8
rayford,Celestine,Feest,1978-03-06,hyacinth@hirthe.example,y3PqaDDb
dwayne,Walker,Waelchi,1969-07-06,abram@heidenreich.example,3qi5fYpM8Wy
zora.feil,Jessia,Ledner,1992-05-11,christal.kling@quigley.test,uf4Fy2A6
cami_conn,Fae,Dach,1982-04-19,noah_breitenberg@johns.example,A9pRhwuJVkd9
curtis,Georgiana,Nienow,1964-11-11,marvin.konopelski@considine.test,MKh6Ryb5Gi3
shasta,Ernie,Quigley,1988-01-07,madelaine@mertz.example,Ze80qc7A46zp1ci
orville,Erika,Farrell,1980-10-26,rudolph@stracke-ohara.example,RC9IMSbqMNr
horacio,Babette,Effertz,1975-03-09,brooks@little-schmeler.example,Dzcb88clrVH
aurelia,Ruben,Bruen,1993-12-26,magaret_tromp@veum.test,MPDLqXqRBvA0Kt
milford,Karl,Hammes,2004-01-30,benedict@kshlerin.test,efX9z62WmqTQkWv
tyrontyron,Bulah,Douglas,1972-08-29,victor.gleason@goodwin.example,LTdLQXvzzGGY4
waylon,Damion,Rohan,1965-04-30,sheree@torp.example,RyyYeHhyImr77SFm
daria_mraz,Ross,Auer,1962-04-08,ciera_zieme@pfeffer-boyle.test,8v4qc1SM
isaura,Samantha,Schmeler,2003-05-21,nakita@kuvalis.example,4ChLuow3pcL9g4j
antonio,Kendrick,Jones,1963-09-28,kip@boehm.example,VXwRB34V3FOrbG
stephen,Davida,Cartwright,1974-09-16,randal_wiza@bayer.test,Mg6lCetVNzJosP8o
judson,Lacey,Hammes,1998-08-19,ryann.rowe@turcotte.test,6UstdNR9N
dontedonte,Ceola,McClure,1998-01-03,brenton@grimes.test,ic6o2s7XtvdcN
mauramaura,Harlan,Pfeffer,1993-10-16,lavona.bailey@lemke.example,PoUSwBsJbSY55
darendaren,Elvin,Barton,1980-01-22,vance_daugherty@mclaughlin-hoeger.test,aT1vEbEw9up
emil.huel,Misti,Hilpert,1976-07-19,german@jacobs.test,RZk4yUNam6
kristopher,Lamar,Kub,1990-10-30,leona_stark@casper.example,xT25FfBw5
